SG_UF_PROVA;CO_MUNICIPIO_PROVA;NO_MUNICIPIO_PROVA;CO_COORDENACAO;CO_LOCAL;NO_LOCAL_PROVA
AC;1200401;RIO BRANCO;40024;G37614;IFAC - CAMPUS RIO BRANCO
AC;1200401;RIO BRANCO;40025;G43058;SENAI - ESCOLA CEL AUTON FURTADO
AC;1200401;RIO BRANCO;40026;G14471;UNINORTE - UNIAO EDUC DO NORTE
AC;1200401;RIO BRANCO;40027;G14471;UNINORTE - UNIAO EDUC DO NORTE
AC;1200401;RIO BRANCO;40028;G14471;UNINORTE - UNIAO EDUC DO NORTE
AC;1200401;RIO BRANCO;40029;G28720;UNIV ESTACIO UNIMETA
AL;2700300;ARAPIRACA;40157;G46006;PLAY EDUCACAO
AL;2700300;ARAPIRACA;40158;G43016;COL SANTA AFRA
AL;2700300;ARAPIRACA;40159;G11782;EMEFTI PROF BENILDO BARBOSA MEDEIROS
AL;2700300;ARAPIRACA;40160;G11784;EMEF PROF JAYME DE ALTAVILLA
AL;2700300;ARAPIRACA;40161;G920;EEEB PROFA IZAURA ANTONIA DE LISBOA
AL;2700300;ARAPIRACA;40162;G9485;EEB PROF PEDRO DE FRANCA REIS
AL;2700300;ARAPIRACA;40163;G11667;EM PROFA CLAUDECY BISPO DOS SANTOS
AL;2700300;ARAPIRACA;40164;G12127;UFAL CAMPUS ARAPIRACA
AL;2700300;ARAPIRACA;40165;G16467;EEFTI JOSE URSULINO MALAQUIAS
AL;2700300;ARAPIRACA;40166;G14803;EEF TIBURCIO VALERIANO DA SILVA
AL;2700300;ARAPIRACA;40167;G42992;IF DE ALAGOAS - CAMPUS ARAPIRACA
AL;2704302;MACEIO;40168;G11866;EE DR RODRIGUEZ DE MELO
AL;2704302;MACEIO;40169;G49331;EM PROFA MARIA JOSE CARRASCOSA
AL;2704302;MACEIO;40170;G31748;FAC ESTACIO DE ALAGOAS - FAL
AL;2704302;MACEIO;40171;G853;EE PROF THEOTONIO VILELA BRANDAO
AL;2704302;MACEIO;40172;G49335;COL ROSALVO RIBEIRO
AL;2704302;MACEIO;40173;G16519;EMEF KATIA PIMENTEL ASSUNCAO
AL;2704302;MACEIO;40174;G16521;EM PROF LENILTO ALVES SANTOS
AL;2704302;MACEIO;40175;G857;EE DR FERNANDES LIMA
AL;2704302;MACEIO;40176;G9678;CENTRO UNIVERSITARIO MARIO PONTES JUCA - FAT
AL;2704302;MACEIO;40177;G41425;EM DR POMPEU SARMENTO
AL;2704302;MACEIO;40178;G16390;FAC MAURICIO DE NASSAU - UNIDADE FAROL
AL;2704302;MACEIO;40179;G9489;CAMPUS I ED PROF EDUARDO ALMEIDA CESMAC
AL;2704302;MACEIO;40180;G12635;EE PROF EDMILSON DE VASCONCELOS PONTES
AL;2704302;MACEIO;40181;G338;CESMAC - FAC DE DIREITO
AL;2704302;MACEIO;40182;G311;CESMAC - FECOM
AL;2704302;MACEIO;40183;G843;EE DOM PEDRO II - CEPA
AL;2704302;MACEIO;40184;G844;EE PRINCESA ISABEL
AL;2704302;MACEIO;40185;G850;EE MOREIRA E SILVA
AL;2704302;MACEIO;40186;G46714;PLAY EDUCACAO
AL;2704302;MACEIO;40187;G11959;EE PROFA MARIA DA SALETE GUSMAO DE ARAUJO
AL;2704302;MACEIO;40188;G9560;EE GERALDO MELO DOS SANTOS
AL;2704302;MACEIO;40189;G20309;FAC PITAGORAS
AL;2704302;MACEIO;40190;G914;EE ONELIA CAMPELO
AL;2704302;MACEIO;40191;G22162;EE PROFA JOSEFA CONCEICAO DA COSTA
AL;2704302;MACEIO;40192;G5385;FAC DA CIDADE DE MACEIO - FACIMA
AL;2704302;MACEIO;40193;G211;CAMPUS II- ED ALBERTO ANTUNES-CENTRO UNIV CESMAC
AL;2704302;MACEIO;40194;G11953;EE PROFA IRENE GARRIDO
AL;2704302;MACEIO;40195;G852;EE DRA EUNICE DE LEMOS CAMPOS
AL;2704302;MACEIO;40196;G11865;EE DOM OTAVIO BARBOSA AGUIAR
AL;2704302;MACEIO;40197;G49604;IFAL - CAMPUS BENEDITO BENTES
AL;2704302;MACEIO;40198;G29028;ETI MARCOS ANTONIO CAVALCANTI SILVA
AM;1302603;MANAUS;40199;G43044;INSTITUTO BENJAMIN CONSTANT - CETAM
AM;1302603;MANAUS;40200;G4209;UNINORTE - UNIDADE 6
AM;1302603;MANAUS;40201;G4550;UNINORTE - UNIDADE 1
AM;1302603;MANAUS;40202;G4180;UNINORTE - UNIDADE 3
AM;1302603;MANAUS;40203;G4376;IF DO AMAZONAS - CAMPUS MANAUS CENTRO
AM;1302603;MANAUS;40204;G14755;CEDUC SANTA TERESINHA - CEST
AM;1302603;MANAUS;40205;G31720;TERCEIRO COL MIL DA PM - PROF WALDOCKE F DE LYRA
AM;1302603;MANAUS;40206;G34705;COL NOSSA SENHORA AUXILIADORA
AM;1302603;MANAUS;40207;G43045;EETI IRMA ADONAI POLITI
AM;1302603;MANAUS;40208;G43048;EEP ESTELIO DALISON - CETAM
AM;1302603;MANAUS;40209;G5216;FAC LA SALLE
AM;1302603;MANAUS;40210;G5751;FAC METROPOLITANA DE MANAUS - FAMETRO 5
AM;1302603;MANAUS;40211;G10230;FAC METROPOLITANA DE MANAUS - FAMETRO - UNID 2
AM;1302603;MANAUS;40212;G3244;UNIP - CAMPUS MANAUS
AM;1302603;MANAUS;40213;G5400;FAC ESTACIO - UNID CONSTANTINO NERY
AM;1302603;MANAUS;40214;G43468;UNINORTE - UNIDADE 22
AM;1302603;MANAUS;40215;G5396;CENTRO LITERATUS - UNID PARA
AM;1302603;MANAUS;40216;G43033;FAC SANTA TERESA
AM;1302603;MANAUS;40217;G43041;CENTRO DE ENSINO TECNICO - CENTEC
AM;1302603;MANAUS;40218;G43155;CENTRO LITERATUS - UNIDADE PARAIBA
AM;1302603;MANAUS;40219;G43138;COL MARTHA FALCAO
AM;1302603;MANAUS;40220;G3874;FAC MARTHA FALCAO - WYDEN
AM;1302603;MANAUS;40221;G5388;ESCOLA SUPERIOR BATISTA DO AMAZONAS - ESBAM
AM;1302603;MANAUS;40222;G5219;CEDUC ADALBERTO VALLE - UNIDADE I
AM;1302603;MANAUS;40223;G45839;FAMETRO - CAMPUS SUL CACHOEIRINHA
AM;1302603;MANAUS;40224;G9075;EETI BILINGUE GILBERTO MESTRINHO DE M RAPOSO
AM;1302603;MANAUS;40225;G3723;CETAM - EFP ENFERMEIRA FRANCISCA SAAVEDRA
AM;1302603;MANAUS;40226;G43032;INSTITUTO DE ENSINO SUPERIOR FUCAPI
AM;1302603;MANAUS;40227;G43032;INSTITUTO DE ENSINO SUPERIOR FUCAPI
AM;1302603;MANAUS;40228;G10491;EE NATHALIA UCHOA
AM;1302603;MANAUS;40229;G16435;EE PROF REINALDO THOMPSON
AM;1302603;MANAUS;40230;G42681;IF DO AMAZONAS - CAMPUS MANAUS ZONA LESTE
AM;1302603;MANAUS;40231;G10529;EE ERNESTO PENAFORT
AM;1302603;MANAUS;40232;G10497;EE PROF RODERICK DE CASTELO BRANCO
AM;1302603;MANAUS;40233;G10528;EE DR ISAAC SVERNER
AM;1302603;MANAUS;40234;G43047;EE PROF ROFRAN BELCHIOR DA SILVA
AM;1302603;MANAUS;40235;G42595;FAC METROPOLITANA DE MANAUS - FAMETRO LESTE
AM;1302603;MANAUS;40236;G36266;EETI PROFA LECITA FONSECA RAMOS
AM;1302603;MANAUS;40237;G31708;EE INSPETORA DULCINEIA VARELA MOURA
AM;1302603;MANAUS;40238;G49593;CETAM - ESCOLA DE EDUCACAO PROFISSIONAL - GALILEIA
AM;1302603;MANAUS;40239;G4713;EE CID CABRAL DA SILVA
AM;1302603;MANAUS;40240;G20027;EE PROF RUY ALENCAR
AM;1302603;MANAUS;40241;G5358;EE OSMAR PEDROSA
AM;1302603;MANAUS;40242;G2292;EE PROF JOSE BERNARDINO LINDOSO
AP;1600303;MACAPA;40014;G16421;UNIV DO ESTADO DO AMAPA - UEAP
AP;1600303;MACAPA;40015;G14580;UNIFAP - UNIV FEDERAL DO AMAPA - CAMPUS MACAPA
AP;1600303;MACAPA;40016;G42999;FAC ANHANGUERA DE MACAPA
AP;1600303;MACAPA;40017;G16552;UNIV ESTACIO DE SA - CAMPUS COL SEAMA
AP;1600303;MACAPA;40018;G45319;FAC ENS SUP DA AMAZONIA - FAC BR NORTE - FABRAN
BA;2910800;FEIRA DE SANTANA;40096;G43211;SENAI - FEIRA DE SANTANA
BA;2910800;FEIRA DE SANTANA;40097;G18590;FAC PITAGORAS - FEIRA DE SANTANA
BA;2910800;FEIRA DE SANTANA;40098;G14211;UNIV SALVADOR - UNIFACS
BA;2910800;FEIRA DE SANTANA;40099;G14431;UNEX CENTRO UNIVERSITARIO DE EXCELENCIA
BA;2927408;SALVADOR;40100;G44928;UNIFACS - CAMPUS LAPA
BA;2927408;SALVADOR;40101;G45476;GRAU TECNICO - UNIDADE FONTE NOVA
BA;2927408;SALVADOR;40102;G45485;UNINASSAU - MERCES
BA;2927408;SALVADOR;40103;G10601;UFBA - FAC DE EDUCACAO
BA;2927408;SALVADOR;40104;G7255;ESCOLA DE ADMINISTRACAO DA UFBA - EAUFBA
BA;2927408;SALVADOR;40105;G45549;UFBA - PAVILHAO DE AULAS ALCEU HILTNER - PAF2
BA;2927408;SALVADOR;40106;G45525;ESCOLA SESI REITOR MIGUEL CALMON
BA;2927408;SALVADOR;40107;G45472;SENAI - DENDEZEIROS
BA;2927408;SALVADOR;40108;G45472;SENAI - DENDEZEIROS
BA;2927408;SALVADOR;40109;G45472;SENAI - DENDEZEIROS
BA;2927408;SALVADOR;40110;G45516;ESCOLA SESI DJALMA PESSOA
BA;2927408;SALVADOR;40111;G44931;UNIFACS - CAMPUS PROF BARROS
BA;2927408;SALVADOR;40112;G37282;UNIME SALVADOR - SHOPPING PARALELA
BA;2927408;SALVADOR;40113;G4272;UNIV CATOLICA DO SALVADOR - UCSAL
BA;2927408;SALVADOR;40114;G157;UNIFTC FACULDADE DE TECNOLOGIA E CIENCIAS
BA;2927408;SALVADOR;40115;G7319;CENTRO UNIV ESTACIO DA BAHIA - CAMPUS GILBERTO GIL
BA;2927408;SALVADOR;40116;G44939;FAC BAIANA DE DIREITO
BA;2927408;SALVADOR;40117;G45098;UNINASSAU - PITUBA
BA;2927408;SALVADOR;40118;G44934;UNIFACS - CAMPUS TANCREDO NEVES
CE;2304400;FORTALEZA;40078;G11207;FAC CEARENSE
CE;2304400;FORTALEZA;40079;G17662;UNIV ESTACIO DE SA - PARANGABA
CE;2304400;FORTALEZA;40080;G14718;UNIV ESTACIO DE SA - FIC VIA CORPVS - BLOCO E
CE;2304400;FORTALEZA;40081;G14401;ESTACIO - VIA CORPVS
CE;2304400;FORTALEZA;40082;G14860;UNIV 7 DE SETEMBRO
CE;2304400;FORTALEZA;40083;G14860;UNIV 7 DE SETEMBRO
CE;2304400;FORTALEZA;40084;G6893;COL ARI DE SA CAVALCANTE
CE;2304400;FORTALEZA;40085;G10906;UNIFOR - UNIVERSIDADE DE FORTALEZA
CE;2304400;FORTALEZA;40086;G10906;UNIFOR - UNIVERSIDADE DE FORTALEZA
CE;2304400;FORTALEZA;40087;G10906;UNIFOR - UNIVERSIDADE DE FORTALEZA
CE;2304400;FORTALEZA;40088;G10976;UNIFAMETRO - CAMPUS CONSELHEIRO ESTELITA
CE;2304400;FORTALEZA;40089;G29066;UNIFAMETRO - CAMPUS CARNEIRO DA CUNHA
CE;2304400;FORTALEZA;40090;G28854;ESTACIO - CENTRO
CE;2304400;FORTALEZA;40091;G8696;IFCE - CAMPUS FORTALEZA
CE;2304400;FORTALEZA;40092;G14674;UNINASSAU - CAMPUS DOROTEIAS
CE;2304400;FORTALEZA;40093;G14905;COL 7 DE SETEMBRO - SEDE EBS
CE;2304400;FORTALEZA;40094;G6932;UNIFANOR WYDEN - SEDE DUNAS
CE;2304400;FORTALEZA;40095;G40585;CENTRO UNIVERSITARIO UNIFANOR - BEZERRA DE MENEZES
CE;2311306;QUIXADA;40075;G8827;CENTRO UNIVERSITARIO CATOLICA DE QUIXADA
CE;2312908;SOBRAL;40076;G17395;UNIV FEDERAL DO CEARA - CAMPUS DE SOBRAL
CE;2312908;SOBRAL;40077;G45457;CED - SOBRAL
DF;5300108;BRASILIA;40321;G6901;UDF - CENTRO UNIVERSITARIO - CAMPUS I
DF;5300108;BRASILIA;40322;G1;UNICEUB - CENTRO DE ENSINO UNIFICADO DE BRASILIA
DF;5300108;BRASILIA;40323;G1;UNICEUB - CENTRO DE ENSINO UNIFICADO DE BRASILIA
DF;5300108;BRASILIA;40324;G1;UNICEUB - CENTRO DE ENSINO UNIFICADO DE BRASILIA
DF;5300108;BRASILIA;40325;G6989;FAC PROJECAO - PREDIO 7
DF;5300108;BRASILIA;40326;G14296;CENTRO UNIV UNIEURO - AGUAS CLARAS
DF;5300108;BRASILIA;40327;G14322;UNIV CATOLICA DE BRASILIA
DF;5300108;BRASILIA;40328;G14322;UNIV CATOLICA DE BRASILIA
DF;5300108;BRASILIA;40329;G43169;CEUB - CAMPUS TAGUATINGA
DF;5300108;BRASILIA;40330;G6868;UNI PROJECAO - PREDIO 4
DF;5300108;BRASILIA;40331;G42750;FAC PROJECAO - PREDIO 15
DF;5300108;BRASILIA;40332;G14288;FAC PROJECAO - PREDIO 9 - CEILANDIA
DF;5300108;BRASILIA;40333;G47818;FAC PROJECAO - PREDIO 13
ES;3201209;CACHOEIRO DE ITAPEMIRIM;40451;G918;CENTRO UNIV SAO CAMILO
ES;3201308;CARIACICA;40452;G9015;FAC MULTIVIX
ES;3201308;CARIACICA;40453;G33762;IFES CAMPUS CARIACICA
ES;3201308;CARIACICA;40454;G34236;FAESA CARIACICA
ES;3205200;VILA VELHA;40455;G33900;UNIV ESTACIO DE SA - CAMPUS VILA VELHA
ES;3205200;VILA VELHA;40456;G911;FAC NOVO MILENIO
ES;3205200;VILA VELHA;40457;G43162;FAC MULTIVIX
ES;3205200;VILA VELHA;40458;G48624;GRAU TECNICO VILA VELHA
ES;3205309;VITORIA;40459;G7035;SALESIANOS
ES;3205309;VITORIA;40460;G263;FAESA
ES;3205309;VITORIA;40461;G7037;FAC MULTIVIX
ES;3205309;VITORIA;40462;G14368;FAC ESTACIO DE SA DE VITORIA
GO;5201108;ANAPOLIS;40341;G14228;FAC FAMA DE ANAPOLIS
GO;5201108;ANAPOLIS;40342;G14220;UNIEVANGELICA
GO;5208707;GOIANIA;40343;G48198;UFG - CENTRO DE AULAS CARAIBA
GO;5208707;GOIANIA;40344;G44953;FAC PITAGORAS DE GOIANIA
GO;5208707;GOIANIA;40345;G9997;PUC - PONTIFICIA UNIV CATOLICA DE GOIAS - AREA IV
GO;5208707;GOIANIA;40346;G16261;PUC - PONTIFICIA UNIV CATOLICA DE GOIAS - AREA VI
GO;5208707;GOIANIA;40347;G44948;FAC SENAI - FATESG
GO;5208707;GOIANIA;40348;G44949;FAC SENAC - GOIAS
GO;5208707;GOIANIA;40349;G43188;UFG-CENTRO DE AULAS AROEIRA
GO;5208707;GOIANIA;40350;G48197;UFG - CENTRO DE AULAS BARU
GO;5208707;GOIANIA;40351;G9998;PUC - PONTIFICIA UNIV CATOLICA DE GOIAS - CAMPUS V
GO;5208707;GOIANIA;40352;G9998;PUC - PONTIFICIA UNIV CATOLICA DE GOIAS - CAMPUS V
GO;5208707;GOIANIA;40353;G7806;UNIV PAULISTA - UNIP
GO;5208707;GOIANIA;40354;G9592;UNIFASAM
MA;2105302;IMPERATRIZ;40060;G43284;FAC ANHANGUERA DE IMPERATRIZ
MA;2105302;IMPERATRIZ;40061;G45731;SENAC
MA;2105302;IMPERATRIZ;40062;G43278;IF DO MARANHAO - CAMPUS IMPERATRIZ
MA;2105302;IMPERATRIZ;40063;G14375;UNISULMA
MA;2105302;IMPERATRIZ;40064;G28697;FACIMP - FAC DE IMPERATRIZ
MA;2105302;IMPERATRIZ;40065;G43091;SERV NAC DE APRENDIZAGEM DO TRANSPORTE-SEST/SENAT
MA;2105302;IMPERATRIZ;40066;G43094;COL SANTA LUZIA
MA;2111300;SAO LUIS;40067;G43101;CENTRO UNIVERSITARIO ESTACIO DE SAO LUIS
MA;2111300;SAO LUIS;40068;G40275;FAC FESCEMP
MA;2111300;SAO LUIS;40069;G43244;IFMA CAMPUS SAO LUIS - MONTE CASTELO
MA;2111300;SAO LUIS;40070;G45679;FACUL UNINASSAU
MA;2111300;SAO LUIS;40071;G16787;FACAM - FAC DO MARANHAO
MA;2111300;SAO LUIS;40072;G17983;FAC PITAGORAS SAO LUIS - CAMPUS TURU I
MA;2111300;SAO LUIS;40073;G28686;UNIV CEUMA - CAMPUS RENASCENCA
MA;2111300;SAO LUIS;40074;G17982;CENTRO UNIVERSITARIO - UNDB
MG;3106200;BELO HORIZONTE;40695;G40779;FAC PITAGORAS - CAMPUS GUAJAJARAS
MG;3106200;BELO HORIZONTE;40696;G45573;FAC PROMOVE - UNIDADE JOAO PINHEIRO
MG;3106200;BELO HORIZONTE;40697;G43129;CENTRO UNIV UNA - CAMPUS JOAO PINHEIRO II
MG;3106200;BELO HORIZONTE;40698;G42926;PUC MINAS - ED DOM CABRAL
MG;3106200;BELO HORIZONTE;40699;G45250;FAC PITAGORAS - CAMPUS TIMBIRAS
MG;3106200;BELO HORIZONTE;40700;G6888;CENTRO UNIVERSITARIO UNA - CAMPUS AIMORES
MG;3106200;BELO HORIZONTE;40701;G44952;PUC MINAS - ED LIBERDADE
MG;3106200;BELO HORIZONTE;40702;G42928;PUC MINAS - ED JOSE REZENDE
MG;3106200;BELO HORIZONTE;40703;G10083;CENTRO UNIV ESTACIO DE BH - CAMPUS FLORESTA
MG;3106200;BELO HORIZONTE;40704;G6885;CENTRO UNIVERSITARIO UNA - CAMPUS LIBERDADE
MG;3106200;BELO HORIZONTE;40705;G7065;UNIV FUMEC
MG;3106200;BELO HORIZONTE;40706;G45574;FAC PROMOVE - UNIDADE PRADO
MG;3106200;BELO HORIZONTE;40707;G8912;CENTRO UNIV ESTACIO DE BH - CAMPUS PRADO
MG;3106200;BELO HORIZONTE;40708;G43132;CENTRO UNIVERSITARIO UNA - CAMPUS CENTERMINAS
MG;3106200;BELO HORIZONTE;40709;G43121;FAC PITAGORAS - CAMPUS ANTONIO CARLOS
MG;3106200;BELO HORIZONTE;40710;G45100;CENTRO UNIV ESTACIO - CAMPUS VENDA NOVA
MG;3106200;BELO HORIZONTE;40711;G45198;FAC PITAGORAS - CAMPUS VENDA NOVA
MG;3106200;BELO HORIZONTE;40712;G15610;CENTRO UNIVERSITARIO UNA - CAMPUS LINHA VERDE
MG;3106200;BELO HORIZONTE;40713;G43108;FAC FAMINAS
MG;3106200;BELO HORIZONTE;40714;G38797;PUC MINAS - UNIDADE SAO GABRIEL
MG;3106200;BELO HORIZONTE;40715;G6889;CENTRO UNIV UNA - CAMPUS BARREIRO - VIA SHOPPING
MG;3106200;BELO HORIZONTE;40716;G14564;PUC MINAS - UNIDADE BARREIRO
MG;3106200;BELO HORIZONTE;40717;G45199;FAC PITAGORAS - CAMPUS BARREIRO
MG;3106200;BELO HORIZONTE;40718;G6882;UNIBH - CAMPUS BURITIS
MG;3106200;BELO HORIZONTE;40719;G14566;PUC MINAS - CORACAO EUCARISTICO
MG;3106200;BELO HORIZONTE;40720;G14566;PUC MINAS - CORACAO EUCARISTICO
MG;3106200;BELO HORIZONTE;40721;G14566;PUC MINAS - CORACAO EUCARISTICO
MG;3106200;BELO HORIZONTE;40722;G14566;PUC MINAS - CORACAO EUCARISTICO
MG;3106200;BELO HORIZONTE;40723;G14566;PUC MINAS - CORACAO EUCARISTICO
MG;3106705;BETIM;40693;G18036;FAC PITAGORAS BETIM
MG;3106705;BETIM;40694;G38954;PUC MINAS - BETIM
MG;3118601;CONTAGEM;40724;G7724;PUC MINAS CONTAGEM
MG;3118601;CONTAGEM;40725;G14239;FAC UNA - UNIDADE CONTAGEM
MG;3118601;CONTAGEM;40726;G14238;FAC PITAGORAS - UNIDADE CONTAGEM
MG;3127701;GOVERNADOR VALADARES;40691;G14444;FAC PITAGORAS - GOVERNADOR VALADARES
MG;3131307;IPATINGA;40692;G18050;FAC PITAGORAS - HORTO
MG;3136702;JUIZ DE FORA;40729;G14205;INSTITUTO METODISTA GRANBERY
MG;3136702;JUIZ DE FORA;40730;G188;COL EQUIPE
MG;3136702;JUIZ DE FORA;40731;G7154;UNICSUM - UNIDADE ITAMAR FRANCO
MG;3136702;JUIZ DE FORA;40732;G42920;ESTACIO JUIZ DE FORA - CAMPUS RIO BRANCO
MG;3136702;JUIZ DE FORA;40733;G7547;INSTITUTO VIANNA JUNIOR
MG;3136702;JUIZ DE FORA;40734;G43128;FAC UNOPAR - POLO JUIZ DE FORA
MG;3136702;JUIZ DE FORA;40735;G9245;UNIV PRES ANTONIO CARLOS - UNIPAC GRANJAS BETHANIA
MG;3136702;JUIZ DE FORA;40736;G14504;IF DE EDUCACAO CIENCIA E TECNOLOGIA SUDESTE MG
MG;3136702;JUIZ DE FORA;40737;G14504;IF DE EDUCACAO CIENCIA E TECNOLOGIA SUDESTE MG
MG;3143302;MONTES CLAROS;40742;G25323;FAC PROMINAS
MG;3143302;MONTES CLAROS;40743;G38724;FAC SANTO AGOSTINHO
MG;3143302;MONTES CLAROS;40744;G17881;UNIFIPMOC
MG;3147907;PASSOS;40727;G49345;IF SUL DE MINAS - CAMPUS PASSOS
MG;3148004;PATOS DE MINAS;40728;G18057;CENTRO UNIV DE PATOS DE MINAS - UNIPAM
MG;3151800;POCOS DE CALDAS;40745;G25324;PUC MINAS - POCOS DE CALDAS
MG;3167202;SETE LAGOAS;40688;G4853;UNIFEMM - CENTRO UNIVERSITARIO DE SETE LAGOAS
MG;3167202;SETE LAGOAS;40689;G46787;FAC SANTO AGOSTINHO
MG;3167202;SETE LAGOAS;40690;G43253;CENTRO UNIVERSITARIO UNA
MG;3170206;UBERLANDIA;40738;G38787;PUC MINAS UBERLANDIA II
MG;3170206;UBERLANDIA;40739;G14513;UNIV FEDERAL DE UBERLANDIA - SANTA MONICA
MG;3170206;UBERLANDIA;40740;G14518;UNIV FEDERAL DE UBERLANDIA - CAMPUS UMUARAMA
MG;3170206;UBERLANDIA;40741;G33265;FAC PITAGORAS DE UBERLANDIA
MS;5002704;CAMPO GRANDE;40001;G18623;EEPSG LUCIA MARTINS COELHO
MS;5002704;CAMPO GRANDE;40002;G4921;UNIDERP
MS;5002704;CAMPO GRANDE;40003;G4921;UNIDERP
MS;5002704;CAMPO GRANDE;40004;G4921;UNIDERP
MS;5002704;CAMPO GRANDE;40005;G39248;FAC ESTACIO DE SA DE CAMPO GRANDE
MS;5002704;CAMPO GRANDE;40006;G24231;UNIGRAN CAPITAL
MS;5002704;CAMPO GRANDE;40007;G18505;FAC ESTACIO DE SA
MS;5002704;CAMPO GRANDE;40008;G42998;IFMS - CAMPUS CAMPO GRANDE
MS;5002704;CAMPO GRANDE;40009;G2793;UNIV CATOLICA DOM BOSCO
MS;5002704;CAMPO GRANDE;40010;G2793;UNIV CATOLICA DOM BOSCO
MS;5002704;CAMPO GRANDE;40011;G2793;UNIV CATOLICA DOM BOSCO
MS;5002704;CAMPO GRANDE;40012;G2793;UNIV CATOLICA DOM BOSCO
MS;5003702;DOURADOS;40013;G2629;UNIGRAN - CENTRO UNIVERSITARIO DA GRANDE DOURADOS
MT;5103403;CUIABA;40039;G43052;FATEC SENAI
MT;5103403;CUIABA;40040;G9531;UNIC - UNIVERSIDADE DE CUIABA
MT;5103403;CUIABA;40041;G42628;FAC INVEST DE CIENCIAS E TECNOLOGIA
MT;5103403;CUIABA;40042;G45225;SENAI - DISTRITO INDUSTRIAL
MT;5107602;RONDONOPOLIS;40045;G43281;UNIC EDUCACIONAL
MT;5107602;RONDONOPOLIS;40046;G45336;UNIV FEDERAL DE RONDONOPOLIS
MT;5107602;RONDONOPOLIS;40047;G43197;FATEC SENAI MATO GROSSO
MT;5108402;VARZEA GRANDE;40043;G43202;FATEC SENAI
MT;5108402;VARZEA GRANDE;40044;G9179;UNIVAG - UNIV DE VARZEA GRANDE
PA;1501402;BELEM;40019;G6906;ESTACIO - CAMPUS FAP
PA;1501402;BELEM;40020;G10358;UNIV ESTACIO - IESAM
PA;1501402;BELEM;40021;G36364;UNAMA - UNIV DA AMAZONIA - ALCINDO CACELA
PA;1506807;SANTAREM;40022;G37481;UFOPA - CAMPUS RONDON
PA;1506807;SANTAREM;40023;G37479;UFOPA - CAMPUS TAPAJOS
PB;2504009;CAMPINA GRANDE;40275;G11879;ECI SOLON DE LUCENA
PB;2504009;CAMPINA GRANDE;40276;G31381;UNOPAR - POLO CAMPINA GRANDE
PB;2504009;CAMPINA GRANDE;40277;G43023;CENTRO DE ENSINO GRAU TECNICO
PB;2504009;CAMPINA GRANDE;40278;G10352;EEEFM CLEMENTINO PROCOPIO
PB;2504009;CAMPINA GRANDE;40279;G1394;ECIT DR ELPIDIO DE ALMEIDA
PB;2504009;CAMPINA GRANDE;40280;G9911;EEEF NOSSA SENHORA DO ROSARIO
PB;2504009;CAMPINA GRANDE;40281;G47835;ESCOLA SESI PRATA
PB;2504009;CAMPINA GRANDE;40282;G10353;EEEFM ANESIO LEAO
PB;2504009;CAMPINA GRANDE;40283;G49454;UNIPE - POLO CAMPINA GRANDE
PB;2504009;CAMPINA GRANDE;40284;G9784;EEEFM SAO SEBASTIAO
PB;2504009;CAMPINA GRANDE;40285;G3578;ECI NENZINHA CUNHA LIMA
PB;2504009;CAMPINA GRANDE;40286;G3587;ENE PADRE EMIDIO VIANA CORREIA
PB;2504009;CAMPINA GRANDE;40287;G10266;EEEF DE APLICACAO
PB;2504009;CAMPINA GRANDE;40288;G11880;EEEF SEN HUMBERTO LUCENA
PB;2504009;CAMPINA GRANDE;40289;G11914;EEEF MARIA EMILIA OLIVEIRA DE ALMEIDA
PB;2504009;CAMPINA GRANDE;40290;G3359;EEEFM MONTE CARMELO
PB;2504009;CAMPINA GRANDE;40291;G3252;UFCG - CAMPUS CAMPINA GRANDE
PB;2504009;CAMPINA GRANDE;40292;G3252;UFCG - CAMPUS CAMPINA GRANDE
PB;2504009;CAMPINA GRANDE;40293;G3252;UFCG - CAMPUS CAMPINA GRANDE
PB;2504009;CAMPINA GRANDE;40294;G16822;UEPB - CENTRO DE CIENCIA E TECNOLOGIA - CCT
PB;2504009;CAMPINA GRANDE;40295;G9993;UEPB - CENTRAL ACADEMICO PAULO FREIRE
PB;2504009;CAMPINA GRANDE;40296;G3589;EECI SEVERINO CABRAL
PB;2504009;CAMPINA GRANDE;40297;G3581;EEEFM ADEMAR VELOSO DA SILVEIRA
PB;2504009;CAMPINA GRANDE;40298;G12208;ECI PROF ITAN PEREIRA
PB;2504009;CAMPINA GRANDE;40299;G16224;IFPB - CAMPUS CAMPINA GRANDE
PB;2504009;CAMPINA GRANDE;40300;G41145;EECIT DE CAMPINA GRANDE PROF BRAULIO MAIA JUNIOR
PB;2504009;CAMPINA GRANDE;40301;G43172;ECI DEP ALVARO GAUDENCIO QUEIROZ
PB;2504009;CAMPINA GRANDE;40302;G20362;ECIEEM ESCRITOR VIRGINIUS DA GAMA E MELO
PB;2504009;CAMPINA GRANDE;40303;G49560;EEEF NOSSA SENHORA APARECIDA
PB;2504009;CAMPINA GRANDE;40304;G41290;EEEFM JOSE MIGUEL LEAO
PB;2507507;JOAO PESSOA;40252;G1392;EEEF PROFA ARGENTINA PEREIRA GOMES
PB;2507507;JOAO PESSOA;40253;G1393;IFPB - CAMPUS JOAO PESSOA
PB;2507507;JOAO PESSOA;40254;G1393;IFPB - CAMPUS JOAO PESSOA
PB;2507507;JOAO PESSOA;40255;G1393;IFPB - CAMPUS JOAO PESSOA
PB;2507507;JOAO PESSOA;40256;G2526;EEEF PROFA MARIA GENY DE SOUSA TIMOTEO
PB;2507507;JOAO PESSOA;40257;G10255;FAC INTERNACIONAL DA PARAIBA - FPB
PB;2507507;JOAO PESSOA;40258;G10137;ECI ALICE CARNEIRO
PB;2507507;JOAO PESSOA;40259;G2136;UFPB - CCHLA
PB;2507507;JOAO PESSOA;40260;G2137;UFPB - CCSA
PB;2507507;JOAO PESSOA;40261;G11656;UFPB - CENTRO DE TECNOLOGIA - CT
PB;2507507;JOAO PESSOA;40262;G15182;UFPB - CENTRO DE EDUCACAO
PB;2507507;JOAO PESSOA;40263;G42996;UFPB - SUP DA TECNOLOGIA DA INFORMACAO - STI
PB;2507507;JOAO PESSOA;40264;G43035;UFPB - CEDESP
PB;2507507;JOAO PESSOA;40265;G49505;UFPB - CEAR
PB;2507507;JOAO PESSOA;40266;G196;UNIPE - CENTRO UNIVERSITARIO DE JOAO PESSOA
PB;2507507;JOAO PESSOA;40267;G196;UNIPE - CENTRO UNIVERSITARIO DE JOAO PESSOA
PB;2507507;JOAO PESSOA;40268;G16604;EEEFM PROFA MARIA DE FATIMA SOUTO
PB;2507507;JOAO PESSOA;40269;G18713;COL DA POLICIA MILITAR ESTUDANTE REBECA C A SIMOES
PB;2507507;JOAO PESSOA;40270;G31413;UFPB - CTDR - CAMPUS V
PB;2507507;JOAO PESSOA;40271;G43027;UFPB - CENTRO DE INFORMATICA
PB;2507507;JOAO PESSOA;40272;G11684;EEEM PROF ORLANDO CAVALCANTI GOMES
PB;2507507;JOAO PESSOA;40273;G43355;ECITE DAURA SANTIAGO RANGEL
PB;2507507;JOAO PESSOA;40274;G41147;ECIEEFM PROF PAULO FREIRE
PE;2604106;CARUARU;40119;G33338;CM LAURA FLORENCIO
PE;2604106;CARUARU;40120;G17304;EMTI RUBEM DE LIMA BARROS
PE;2604106;CARUARU;40121;G1709;CENTRO UNIVERSITARIO UNIFAVIP WYDEN
PE;2604106;CARUARU;40122;G43012;EM JOEL PONTES
PE;2604106;CARUARU;40123;G43031;EM PROF LUIZ PESSOA DA SILVA
PE;2604106;CARUARU;40124;G33468;EM PROF KERMOGENES DIAS DE ARAUJO
PE;2604106;CARUARU;40125;G43083;EM PEDRO DE SOUZA
PE;2604106;CARUARU;40126;G45243;ETE MINISTRO FERNANDO LYRA
PE;2604106;CARUARU;40127;G43001;EM PROFA GIANETE SILVA
PE;2604106;CARUARU;40128;G43168;FAC MAURICIO DE NASSAU
PE;2604106;CARUARU;40129;G46015;EM PROFA TERESA NEUMA PEREIRA PEDROSA
PE;2611101;PETROLINA;40130;G45682;CEBRAC
PE;2611101;PETROLINA;40131;G1662;COL NOSSA SENHORA AUXILIADORA
PE;2611101;PETROLINA;40132;G49602;PREPARA CURSOS
PE;2611101;PETROLINA;40133;G45740;MICROLINS
PE;2611101;PETROLINA;40134;G48716;SENAC - UEP EMP PAULO DE SOUZA COELHO
PE;2611101;PETROLINA;40135;G47850;SOBERANA FACULDADE DE SAUDE DE PETROLINA
PE;2611101;PETROLINA;40136;G31845;FAC UNIFTC
PE;2611101;PETROLINA;40137;G45328;EREM PROFA EVANIRA DE SOUZA DIAS
PE;2611101;PETROLINA;40138;G14867;EE JESUINO ANTONIO D AVILA
PE;2611101;PETROLINA;40139;G45341;ETE PROFA MARIA WILZA BARROS DE MIRANDA
PE;2611101;PETROLINA;40140;G1673;EREM DOM MALAN
PE;2611101;PETROLINA;40141;G9541;EREM GERCINO COELHO
PE;2611101;PETROLINA;40142;G14870;EREM PE MANOEL DE PAIVA NETO
PE;2611101;PETROLINA;40143;G45142;CENTRO DE ENSINO GRAU TECNICO
PE;2611606;RECIFE;40144;G45056;UNINASSAU - CAXANGA
PE;2611606;RECIFE;40145;G9213;UNINASSAU - BLOCO A
PE;2611606;RECIFE;40146;G1964;CENTRO UNIVERSITARIO UNIFBV
PE;2611606;RECIFE;40147;G2997;FAC ESTACIO DO RECIFE
PE;2611606;RECIFE;40148;G9220;UNINASSAU - BLOCO B
PE;2611606;RECIFE;40149;G1150;UNICAP - UNIV CATOLICA DE PERNAMBUCO
PE;2611606;RECIFE;40150;G1150;UNICAP - UNIV CATOLICA DE PERNAMBUCO
PE;2611606;RECIFE;40151;G1150;UNICAP - UNIV CATOLICA DE PERNAMBUCO
PE;2611606;RECIFE;40152;G824;UNIV CATOLICA DE PERNAMBUCO - UNICAP
PE;2611606;RECIFE;40153;G45306;SENAC - SEDE
PE;2611606;RECIFE;40154;G45302;FAC SENAC
PE;2611606;RECIFE;40155;G29022;UNIBRA IBGM - POS GRADUACAO
PE;2611606;RECIFE;40156;G21697;UNIBRA IBGM - CAMPUS I
PI;2207702;PARNAIBA;40050;G37334;INSTITUTO FEDERAL DO PIAUI - CAMPUS PARNAIBA
PI;2211001;TERESINA;40048;G42682;FUNDACAO BRADESCO
PI;2211001;TERESINA;40049;G43107;CEEP JOSE PACIFICO DE MOURA NETO
PI;2211001;TERESINA;40051;G1492;ESTACIO - CEUT
PI;2211001;TERESINA;40052;G34974;CENTRO UNIVERSITARIO SANTO AGOSTINHO - UNIFSA
PI;2211001;TERESINA;40053;G37082;UNINASSAU
PI;2211001;TERESINA;40054;G43098;UNIFACID
PI;2211001;TERESINA;40055;G34475;UNINOVAFAPI - CENTRO UNIVERSITARIO
PI;2211001;TERESINA;40056;G9014;IF DE EDUCACAO DO PIAUI - IFPI
PI;2211001;TERESINA;40057;G36462;UNINASSAU - REDENCAO
PI;2211001;TERESINA;40058;G17861;CENTRO UNIVERSITARIO SANTO AGOSTINHO - UNIFSA SEDE
PI;2211001;TERESINA;40059;G34970;CENTRO UNIVERSITARIO SANTO AGOSTINHO - UNIFSA - II
PR;4101408;APUCARANA;40355;G45514;UTFPR - CAMPUS APUCARANA
PR;4104808;CASCAVEL;40372;G3686;FAG CENTRO UNIVERSITARIO FUNDACAO ASSIS GURGACZ
PR;4104808;CASCAVEL;40373;G41365;UNOPAR - CASCAVEL
PR;4104808;CASCAVEL;40374;G45621;IFPR - CAMPUS CASCAVEL
PR;4104808;CASCAVEL;40375;G17405;UNIOESTE - CAMPUS DE CASCAVEL
PR;4106902;CURITIBA;40377;G296;UNINTER - CAMPUS GARCEZ
PR;4106902;CURITIBA;40378;G6010;UFPR - CIENCIAS AGRARIAS
PR;4106902;CURITIBA;40379;G2350;PUC PR
PR;4106902;CURITIBA;40380;G2350;PUC PR
PR;4106902;CURITIBA;40381;G2350;PUC PR
PR;4106902;CURITIBA;40382;G2350;PUC PR
PR;4106902;CURITIBA;40383;G2350;PUC PR
PR;4106902;CURITIBA;40384;G2350;PUC PR
PR;4106902;CURITIBA;40385;G6926;UNICURITIBA
PR;4106902;CURITIBA;40386;G6926;UNICURITIBA
PR;4106902;CURITIBA;40387;G45270;GRAU TECNICO - CURITIBA
PR;4106902;CURITIBA;40388;G3935;FACULDADE OPET - UNIOPET
PR;4106902;CURITIBA;40389;G2300;IFPR - CAMPUS JOAO NEGRAO
PR;4106902;CURITIBA;40390;G12807;CE PEDRO MACEDO
PR;4106902;CURITIBA;40391;G3995;FAC DOM BOSCO - SEDE MARUMBY
PR;4106902;CURITIBA;40392;G554;FAC PADRE JOAO BAGOZZI
PR;4106902;CURITIBA;40393;G3556;UNIV POSITIVO
PR;4106902;CURITIBA;40394;G3556;UNIV POSITIVO
PR;4106902;CURITIBA;40395;G3556;UNIV POSITIVO
PR;4106902;CURITIBA;40396;G3556;UNIV POSITIVO
PR;4106902;CURITIBA;40397;G3556;UNIV POSITIVO
PR;4106902;CURITIBA;40398;G3556;UNIV POSITIVO
PR;4106902;CURITIBA;40399;G2306;UFPR - CENTRO POLITECNICO - CIENCIAS DA TERRA
PR;4106902;CURITIBA;40400;G2311;UFPR - CENTRO POLITÉCNIO - SETOR EXATAS
PR;4106902;CURITIBA;40401;G45286;UFPR - UNIV FEDERAL DO PARANA - DEMEC
PR;4106902;CURITIBA;40402;G9893;UNIV TUIUTI DO PARANA - CAMPUS BARIGUI
PR;4106902;CURITIBA;40403;G11040;EE REPUBLICA ORIENTAL DO URUGUAI
PR;4106902;CURITIBA;40404;G1963;UNIBRASIL
PR;4106902;CURITIBA;40405;G1963;UNIBRASIL
PR;4108403;FRANCISCO BELTRAO;40376;G9883;UNIPAR - CAMPUS FRANCISCO BELTRAO
PR;4113700;LONDRINA;40356;G8207;IEEL
PR;4113700;LONDRINA;40357;G2550;CE VICENTE RIJO
PR;4113700;LONDRINA;40358;G43080;UNOPAR - UNIDADE NITEROI
PR;4113700;LONDRINA;40359;G318;CE MARCELINO CHAMPAGNAT
PR;4113700;LONDRINA;40360;G31485;FAC UNICESUMAR
PR;4113700;LONDRINA;40361;G48220;CE DR HEBER SOARES VARGAS
PR;4113700;LONDRINA;40362;G20021;UNOPAR - UNIDADE PIZA
PR;4113700;LONDRINA;40363;G3753;CE PROFA MARIA JOSE BALZANELO AGUILERA
PR;4113700;LONDRINA;40364;G28900;UNOPAR - UNIDADE CATUAI
PR;4113700;LONDRINA;40365;G14372;COL UNIVERSITARIO
PR;4113700;LONDRINA;40366;G43084;FAC POSITIVO LONDRINA
PR;4113700;LONDRINA;40367;G3563;CEEP PROFA MARIA DO ROSARIO CASTALDI
PR;4115200;MARINGA;40368;G18920;UNIFCV - CENTRO UNIVERSITARIO CIDADE VERDE
PR;4115200;MARINGA;40369;G10000;UNINGA CENTRO UNIVERSITARIO
PR;4115200;MARINGA;40370;G9422;UNICESUMAR
PR;4115200;MARINGA;40371;G47114;FEITEP - FAC DE ENGENHARIA E ARQUITETURA
RJ;3301702;DUQUE DE CAXIAS;40480;G18778;COL FLAMA - CENTRO I
RJ;3301702;DUQUE DE CAXIAS;40481;G48003;ZION - ESCOLA DE ENTRETENIMENTO - UNIDADE CAXIAS
RJ;3301702;DUQUE DE CAXIAS;40482;G11903;IFRJ - CAMPUS DUQUE DE CAXIAS
RJ;3301702;DUQUE DE CAXIAS;40483;G17159;FEBF - FAC DE EDUC DA BAIXADA FLUMINENSE - UERJ
RJ;3301702;DUQUE DE CAXIAS;40484;G18107;UNIV ESTACIO DE SA - CAMPUS DUQUE DE CAXIAS
RJ;3301702;DUQUE DE CAXIAS;40485;G43120;CENTRO DE FORMACAO NOGUEIRA MINEIRO
RJ;3303302;NITEROI;40497;G42980;UNIV ANHANGUERA - CAMPUS NITEROI
RJ;3303302;NITEROI;40498;G45356;ZION - ESCOLA DE ENTRETENIMENTO - UNIDADE NITEROI
RJ;3303302;NITEROI;40499;G5629;UFF - CAMPUS VALONGUINHO
RJ;3303302;NITEROI;40500;G5629;UFF - CAMPUS VALONGUINHO
RJ;3303302;NITEROI;40501;G5569;UNIV ESTACIO DE SA - CAMPUS NITEROI II
RJ;3303302;NITEROI;40502;G5491;UNIV ESTACIO DE SA - CAMPUS NITEROI I
RJ;3303302;NITEROI;40503;G265;UNIVERSO - CAMPUS NITEROI - BLOCO A
RJ;3303302;NITEROI;40504;G4749;UNIVERSO - CAMPUS NITEROI - BLOCO B
RJ;3303302;NITEROI;40505;G17052;UFF - CAMPUS PRAIA VERMELHA
RJ;3303302;NITEROI;40506;G17052;UFF - CAMPUS PRAIA VERMELHA
RJ;3303302;NITEROI;40507;G17052;UFF - CAMPUS PRAIA VERMELHA
RJ;3303302;NITEROI;40508;G5626;UFF - CAMPUS GRAGOATA
RJ;3303302;NITEROI;40509;G5626;UFF - CAMPUS GRAGOATA
RJ;3303302;NITEROI;40510;G5626;UFF - CAMPUS GRAGOATA
RJ;3303302;NITEROI;40511;G15270;UNILASALLE - CENTRO UNIV LA SALLE RJ
RJ;3303500;NOVA IGUACU;40512;G12186;CEFET - NOVA IGUACU
RJ;3303500;NOVA IGUACU;40513;G31568;UNIV UNIGRANRIO - CAMPUS NOVA IGUACU
RJ;3303500;NOVA IGUACU;40514;G30127;UNIG
RJ;3303500;NOVA IGUACU;40515;G28980;CENTRO UNIV GERALDO DI BIASE - UGB
RJ;3303500;NOVA IGUACU;40516;G16247;UFRRJ - CAMPUS NOVA IGUACU
RJ;3303906;PETROPOLIS;40520;G18509;UNIV ESTACIO DE SA - CAMPUS PETROPOLIS
RJ;3303906;PETROPOLIS;40521;G41318;UNOPAR
RJ;3303906;PETROPOLIS;40522;G11587;FMP - CENTRO UNIVERSITARIO ARTHUR SA EARP NETO
RJ;3304557;RIO DE JANEIRO;40463;G11148;UNI SAO JOSE
RJ;3304557;RIO DE JANEIRO;40464;G6692;UNIV CASTELO BRANCO REALENGO
RJ;3304557;RIO DE JANEIRO;40465;G12445;UNIV ESTACIO DE SA - CAMPUS SULACAP
RJ;3304557;RIO DE JANEIRO;40466;G16444;UNISUAM - UNIDADE BANGU SHOPPING
RJ;3304557;RIO DE JANEIRO;40467;G22091;CE HEBE CAMARGO
RJ;3304557;RIO DE JANEIRO;40468;G1147;CENTRO UNIVERSITARIO DO RIO DE JANEIRO - UNIRJ
RJ;3304557;RIO DE JANEIRO;40469;G22111;UNISUAM - UNID CAMPO GRANDE I
RJ;3304557;RIO DE JANEIRO;40470;G4712;UNIV ESTACIO DE SA - CAMPUS WEST SHOPPING
RJ;3304557;RIO DE JANEIRO;40471;G49404;MICROLINS - UNIDADE SANTA CRUZ
RJ;3304557;RIO DE JANEIRO;40472;G5928;UNIV ESTACIO DE SA - CAMPUS SANTA CRUZ
RJ;3304557;RIO DE JANEIRO;40473;G16692;IBMR - BARRA
RJ;3304557;RIO DE JANEIRO;40474;G6110;UNIV VEIGA DE ALMEIDA - CAMPUS BARRA
RJ;3304557;RIO DE JANEIRO;40475;G47810;IBMEC - BARRA DA TIJUCA
RJ;3304557;RIO DE JANEIRO;40476;G6739;UNIV ESTACIO DE SA - CAMPUS TOM JOBIM
RJ;3304557;RIO DE JANEIRO;40477;G14758;UNISUAM - UNIDADE TAQUARA
RJ;3304557;RIO DE JANEIRO;40478;G5932;UNIV ESTACIO DE SA - CAMPUS R9/TAQUARA
RJ;3304557;RIO DE JANEIRO;40479;G5827;UNIV ESTACIO DE SA - CAMPUS RECREIO
RJ;3304557;RIO DE JANEIRO;40486;G282;UNIV ESTACIO DE SA - CAMPUS URUGUAIANA
RJ;3304557;RIO DE JANEIRO;40487;G4706;UNICARIOCA - UNIDADE RIO COMPRIDO
RJ;3304557;RIO DE JANEIRO;40488;G285;UNIV VEIGA DE ALMEIDA - CAMPUS MARACANA
RJ;3304557;RIO DE JANEIRO;40489;G49070;UNIV ESTACIO DE SA - CAMPUS MARACANA
RJ;3304557;RIO DE JANEIRO;40490;G5889;UNIV ESTACIO DE SA - CAMPUS DORIVAL CAYMMI
RJ;3304557;RIO DE JANEIRO;40491;G22151;IBMR - CATETE
RJ;3304557;RIO DE JANEIRO;40492;G49288;ESPM - CAMPUS GLORIA/VILLA AYMORE
RJ;3304557;RIO DE JANEIRO;40493;G42619;UNIVERITAS CENTRO UNIVERSITARIO
RJ;3304557;RIO DE JANEIRO;40494;G15346;COL DA IMACULADA CONCEICAO
RJ;3304557;RIO DE JANEIRO;40495;G11103;FACHA - FAC INTEGRADAS HELIO ALONSO - BOTAFOGO
RJ;3304557;RIO DE JANEIRO;40496;G275;PUC RJ - PONTIFICIA UNIV CATOLICA
RJ;3304557;RIO DE JANEIRO;40517;G16214;UNIV ESTACIO DE SA - CAMPUS VIA BRASIL
RJ;3304557;RIO DE JANEIRO;40518;G32963;COL E ETEC TRIANGULO
RJ;3304557;RIO DE JANEIRO;40519;G5881;UNIV ESTACIO DE SA - CAMPUS MADUREIRA
RJ;3304557;RIO DE JANEIRO;40523;G22173;UNICARIOCA - UNIDADE MEIER 2
RJ;3304557;RIO DE JANEIRO;40524;G40668;UNICARIOCA - UNIDADE MEIER 5
RJ;3304557;RIO DE JANEIRO;40525;G2885;UNIV ESTACIO DE SA - CAMPUS NOVA AMERICA
RJ;3304557;RIO DE JANEIRO;40526;G6171;CEFET - MARIA DA GRACA
RJ;3304557;RIO DE JANEIRO;40527;G280;UNISUAM - UNID BONSUCESSO - SEDE
RJ;3304557;RIO DE JANEIRO;40528;G4717;UNIV ESTACIO DE SA - CAMPUS ILHA DO GOVERNADOR
RJ;3304904;SAO GONCALO;40529;G5602;UNIV SALGADO DE OLIVEIRA - UNIVERSO
RJ;3304904;SAO GONCALO;40530;G45290;ZION - ESCOLA DE ENTRETENIMENTO -UNIDADE ALCANTARA
RJ;3304904;SAO GONCALO;40531;G11858;UNIV ESTACIO DE SA - CAMPUS SAO GONCALO
RJ;3306305;VOLTA REDONDA;40532;G48939;UNIFOA - CENTRO UNIV DE VOLTA REDONDA - TRES POCOS
RJ;3306305;VOLTA REDONDA;40533;G48939;UNIFOA - CENTRO UNIV DE VOLTA REDONDA - TRES POCOS
RJ;3306305;VOLTA REDONDA;40534;G48939;UNIFOA - CENTRO UNIV DE VOLTA REDONDA - TRES POCOS
RJ;3306305;VOLTA REDONDA;40535;G48939;UNIFOA - CENTRO UNIV DE VOLTA REDONDA - TRES POCOS
RN;2408102;NATAL;40305;G48385;IFRN - CAMPUS NATAL - CIDADE ALTA - UNIDADE ROCAS
RN;2408102;NATAL;40306;G31631;UNI - RN
RN;2408102;NATAL;40307;G439;IFRN - CAMPUS CENTRAL
RN;2408102;NATAL;40308;G48783;IFRN - CAMPUS DE EDUCAÇÃO A DISTÂNCIA
RN;2408102;NATAL;40309;G419;UNIV POTIGUAR - CAMPUS SALGADO FILHO
RN;2408102;NATAL;40310;G528;EE GOV WALFREDO GURGEL
RN;2408102;NATAL;40311;G433;UFRN SETOR IV - CT
RN;2408102;NATAL;40312;G413;UFRN SETOR II - CCHLA
RN;2408102;NATAL;40313;G431;UFRN SETOR III - CCET
RN;2408102;NATAL;40314;G16476;UFRN - ESCOLA DE CIENCIAS E TECNOLOGIA - ECT
RN;2408102;NATAL;40315;G16274;UFRN - ESCOLA DE SAUDE
RN;2408102;NATAL;40316;G601;FAC MAURICIO DE NASSAU - PONTA NEGRA
RN;2408102;NATAL;40317;G459;ESTÁCIO
RN;2408102;NATAL;40318;G424;UNP - UNIV POTIGUAR - CAMPUS PONTA NEGRA
RN;2408102;NATAL;40319;G424;UNP - UNIV POTIGUAR - CAMPUS PONTA NEGRA
RN;2408102;NATAL;40320;G17130;IFRN - CAMPUS NATAL ZONA NORTE
RO;1100205;PORTO VELHO;40030;G17895;CENTRO UNIV SAO LUCAS
RO;1100205;PORTO VELHO;40031;G42596;FAC SAO LUCAS - UNIDADE II
RO;1100205;PORTO VELHO;40032;G47824;SESI SENAI IEL
RO;1100205;PORTO VELHO;40033;G43085;UNIRON SHOPPING - CAMPUS III
RO;1100205;PORTO VELHO;40034;G45582;UNINTER - CENTRO UNIVERSITARIO
RO;1100205;PORTO VELHO;40035;G36584;EEEMTI BRASILIA
RO;1100205;PORTO VELHO;40036;G47807;ESCOLA SANTA MARCELINA
RO;1100205;PORTO VELHO;40037;G28703;EEEFM SAO LUIZ
RR;1400100;BOA VISTA;40038;G10426;UFRR - UNIV FEDERAL DE RORAIMA
RS;4302105;BENTO GONCALVES;40406;G4247;CARVI - UNIV DA REGIAO DOS VINHEDOS
RS;4305108;CAXIAS DO SUL;40407;G37185;UNIV DE CAXIAS DO SUL - UCS
RS;4305108;CAXIAS DO SUL;40408;G37185;UNIV DE CAXIAS DO SUL - UCS
RS;4314407;PELOTAS;40418;G27404;UFPEL - CAMPUS 2
RS;4314407;PELOTAS;40419;G37339;UFPEL - CAMPUS ANGLO
RS;4314407;PELOTAS;40420;G18149;IFSUL - CAMPUS PELOTAS
RS;4314407;PELOTAS;40421;G34471;FAC SENAC PELOTAS
RS;4314407;PELOTAS;40422;G2604;CM PELOTENSE
RS;4314407;PELOTAS;40423;G38657;FAC ANHANGUERA DE PELOTAS - BLOCOS ABC
RS;4314407;PELOTAS;40424;G40578;EMEF FRANCISCO CARUCCIO
RS;4314407;PELOTAS;40425;G40724;EMEF JACOB BROD
RS;4314407;PELOTAS;40426;G37009;EMEF AFONSO VIZEU
RS;4314407;PELOTAS;40427;G49524;EMEF BIBIANO DE ALMEIDA
RS;4314902;PORTO ALEGRE;40409;G45048;FAC SENAC PORTO ALEGRE
RS;4314902;PORTO ALEGRE;40410;G3487;PUC - RS
RS;4314902;PORTO ALEGRE;40411;G3487;PUC - RS
RS;4314902;PORTO ALEGRE;40412;G3487;PUC - RS
RS;4314902;PORTO ALEGRE;40413;G37285;UNIRITTER - ORFANOTROFIO
RS;4314902;PORTO ALEGRE;40414;G37285;UNIRITTER - ORFANOTROFIO
RS;4314902;PORTO ALEGRE;40415;G339;UNIRITTER - FAPA
RS;4314902;PORTO ALEGRE;40416;G339;UNIRITTER - FAPA
RS;4314902;PORTO ALEGRE;40417;G339;UNIRITTER - FAPA
RS;4316808;SANTA CRUZ DO SUL;40428;G4367;UNIV DE SANTA CRUZ DO SUL
RS;4316907;SANTA MARIA;40429;G48424;SENAC
RS;4316907;SANTA MARIA;40430;G40770;UFSM - PREDIO 07 - CENTRO DE TECNOLOGIA - BL. A
RS;4316907;SANTA MARIA;40431;G40775;UFSM - PREDIO 70- COL POLITECNICO DE SANTA MARIA
SC;4202404;BLUMENAU;40432;G14537;UNIV REGIONAL DE BLUMENAU - FURB II
SC;4202404;BLUMENAU;40433;G325;UNIV REGIONAL DE BLUMENAU - FURB I
SC;4202909;BRUSQUE;40434;G15184;UNIFEBE
SC;4202909;BRUSQUE;40435;G15184;UNIFEBE
SC;4204202;CHAPECO;40436;G46878;UNOCHAPECO
SC;4204202;CHAPECO;40437;G46878;UNOCHAPECO
SC;4204608;CRICIUMA;40438;G16516;UNIV DO EXTREMO SUL CATARINENSE - UNESC
SC;4205407;FLORIANOPOLIS;40439;G12432;IE DE EDUCACAO
SC;4205407;FLORIANOPOLIS;40440;G21833;ESTACIO FLORIANOPOLIS
SC;4205407;FLORIANOPOLIS;40441;G48386;UNISUL UNIDADE CENTRO
SC;4205407;FLORIANOPOLIS;40442;G43308;FAC SENAC FLORIANOPOLIS
SC;4205407;FLORIANOPOLIS;40443;G7049;UNIV DO ESTADO DE SANTA CATARINA - UDESC
SC;4205407;FLORIANOPOLIS;40444;G140;UFSC - UNIV FEDERAL DE SANTA CATARINA
SC;4205407;FLORIANOPOLIS;40445;G21831;FAC CESUSC
SC;4209102;JOINVILLE;40446;G45384;UNISOCIESC - ANITA GARIBALDI
SC;4209102;JOINVILLE;40447;G16718;ANHANGUERA - JOINVILLE
SC;4209102;JOINVILLE;40448;G6154;UNIVILLE
SC;4216602;SAO JOSE;40449;G28965;FAC ANHANGUERA
SC;4216602;SAO JOSE;40450;G10005;CENTRO UNIVERSITARIO ESTACIO - SC
SE;2800308;ARACAJU;40243;G45596;SENAI CETCC
SE;2800308;ARACAJU;40244;G45368;SENAC
SE;2800308;ARACAJU;40245;G11599;ESTACIO
SE;2800308;ARACAJU;40246;G45730;UNIT - UNIV TIRADENTES - CAMPUS FAROLANDIA
SE;2800308;ARACAJU;40247;G45730;UNIT - UNIV TIRADENTES - CAMPUS FAROLANDIA
SE;2800308;ARACAJU;40248;G45730;UNIT - UNIV TIRADENTES - CAMPUS FAROLANDIA
SE;2800308;ARACAJU;40249;G45605;SENAI - CETAF - AJU
SE;2800308;ARACAJU;40250;G36583;IF DE SERGIPE
SE;2800308;ARACAJU;40251;G11605;FANESE
SP;3501608;AMERICANA;40538;G3414;UNISAL - CAMPUS MARIA AUXILIADORA
SP;3501608;AMERICANA;40539;G9771;FAM - FAC DE AMERICANA
SP;3505708;BARUERI;40607;G14889;UNIP - ALPHAVILLE
SP;3505708;BARUERI;40608;G14889;UNIP - ALPHAVILLE
SP;3506003;BAURU;40536;G41373;UNIP - UNIV PAULISTA
SP;3506003;BAURU;40537;G14983;CENTRO UNIVERSITARIO DE BAURU - ITE
SP;3506102;BEBEDOURO;40562;G2947;CENTRO UNIVERSITARIO UNIFAFIBE
SP;3509502;CAMPINAS;40540;G4477;UNIMETROCAMP
SP;3509502;CAMPINAS;40541;G18711;UNIV SAO FRANCISCO
SP;3509502;CAMPINAS;40542;G859;UNIP - CAMPUS II SWIFT
SP;3509502;CAMPINAS;40543;G6155;ESCOLA SALESIANA SAO JOSE
SP;3516200;FRANCA;40563;G10957;EE HOMERO ALVES
SP;3516200;FRANCA;40564;G43652;EPTEC CENTRO EDUCACIONAL
SP;3516200;FRANCA;40565;G39149;EE CAPITAO JOSE PINHEIRO DE LACERDA
SP;3516200;FRANCA;40566;G45118;EE PROF VICENTE MINICUCCI
SP;3516200;FRANCA;40567;G45117;EE PROF AGOSTINHO LIMA DE VILHENA
SP;3516200;FRANCA;40568;G4569;UNIFRAN - UNIV DE FRANCA
SP;3516200;FRANCA;40569;G4569;UNIFRAN - UNIV DE FRANCA
SP;3516200;FRANCA;40570;G4569;UNIFRAN - UNIV DE FRANCA
SP;3516200;FRANCA;40571;G46068;EE PROFA AMALIA PIMENTEL
SP;3516200;FRANCA;40572;G46070;EE PROF OTAVIO MARTINS DE SOUZA
SP;3516200;FRANCA;40573;G42481;EE PROFA ANA MARIA JUNQUEIRA
SP;3516200;FRANCA;40574;G45123;EE PROFA HELENA CURY DE TACCA
SP;3516200;FRANCA;40575;G17235;EE PROF ANTONIO FACHADA
SP;3516200;FRANCA;40576;G45119;EE ADELMO FRANCISCO DA SILVA
SP;3516200;FRANCA;40577;G45122;EE PROFA MARIA PIA SILVA CASTRO
SP;3518800;GUARULHOS;40664;G43038;COL ENIAC
SP;3518800;GUARULHOS;40665;G15335;FAC PROGRESSO
SP;3518800;GUARULHOS;40666;G7033;EE PROF HOMERO RUBENS DE SA
SP;3518800;GUARULHOS;40667;G45077;EE PROF ENNIO CHIESA
SP;3518800;GUARULHOS;40668;G3274;ANHANGUERA - CAMPUS PIO XII
SP;3518800;GUARULHOS;40669;G43151;IFSP - CAMPUS GUARULHOS
SP;3518800;GUARULHOS;40670;G49422;UNIVERSIDADE CRUZEIRO DO SUL
SP;3518800;GUARULHOS;40671;G6965;EE PROFA HILDA PRATES GALLO
SP;3518800;GUARULHOS;40672;G8543;EE PROF JOAO LUIZ DE GODOY MOREIRA
SP;3518800;GUARULHOS;40673;G43752;EE PARQUE PRIMAVERA
SP;3518800;GUARULHOS;40674;G43751;EE MARIO BOMBASSEI FILHO
SP;3518800;GUARULHOS;40675;G16378;EE VEREADOR ANTONIO DE RE
SP;3518800;GUARULHOS;40676;G16583;EE PE VALENTIN GONZALEZ ALONSO
SP;3518800;GUARULHOS;40677;G49557;EE PROFA MARIA APARECIDA RODRIGUES
SP;3518800;GUARULHOS;40678;G31432;EE PROFA MARIA APARECIDA FELIX PORTO
SP;3518800;GUARULHOS;40679;G43714;EE LOUIS BRAILLE
SP;3518800;GUARULHOS;40680;G46865;EE PROFA THEREZINHA CLOSA ELEUTERIO
SP;3518800;GUARULHOS;40681;G29011;EE PASTOR JOAO NUNES
SP;3520509;INDAIATUBA;40544;G12172;FAC MAX PLANCK
SP;3520509;INDAIATUBA;40545;G33579;FIEC - UNIDADE I
SP;3524709;JAGUARIUNA;40546;G2929;CENTRO UNIVERSITARIO DE JAGUARIUNA - CAMPUS II
SP;3525904;JUNDIAI;40547;G43829;ANHANGUERA DE JUNDIAI
SP;3525904;JUNDIAI;40548;G31423;CENTRO UNIVERSITARIO PE ANCHIETA
SP;3525904;JUNDIAI;40549;G2961;UNIP - CAMPUS JUNDIAI
SP;3526902;LIMEIRA;40550;G46986;FAC DE TECNOLOGIA - UNICAMP CAMPUS 01
SP;3526902;LIMEIRA;40551;G9251;FAC EINSTEIN DE LIMEIRA
SP;3526902;LIMEIRA;40552;G1529;UNIP - CAMPUS LIMEIRA
SP;3526902;LIMEIRA;40553;G39326;EE PROFA RUTH RAMOS CAPPI
SP;3526902;LIMEIRA;40554;G1535;FAAL - FAC DE ADM E ARTES DE LIMEIRA
SP;3534401;OSASCO;40609;G46260;CURSO EVOLUCAO
SP;3534401;OSASCO;40610;G2448;COL FERNAO DIAS PAIS
SP;3534401;OSASCO;40611;G2887;ANHANGUERA
SP;3534401;OSASCO;40612;G4954;UNIFIEO - CENTRO UNIVERSITARIO FIEO
SP;3534401;OSASCO;40613;G4954;UNIFIEO - CENTRO UNIVERSITARIO FIEO
SP;3534401;OSASCO;40614;G4960;EE ANTONIO RAPOSO TAVARES
SP;3538709;PIRACICABA;40555;G3910;FUNDACAO MUNICIPAL DE ENSINO DE PIRACICABA - FUMEP
SP;3538709;PIRACICABA;40556;G3918;FAC ANHANGUERA DE PIRACICABA
SP;3543402;RIBEIRAO PRETO;40578;G171;FAC ANHANGUERA - CAMPUS RIBEIRAO PRETO
SP;3543402;RIBEIRAO PRETO;40579;G3249;CENTRO UNIVERSITARIO ESTACIO DE RIBEIRAO PRETO
SP;3543402;RIBEIRAO PRETO;40580;G3241;UNIV DE RIBEIRAO PRETO - UNAERP
SP;3543907;RIO CLARO;40557;G11961;ETEC PROF ARMANDO BAYEUX DA SILVA
SP;3543907;RIO CLARO;40558;G3135;CLARETIANO - CENTRO UNIVERSITARIO DE RIO CLARO
SP;3547809;SANTO ANDRE;40636;G5539;UNIV ANHANGUERA - CAMPUS 1B
SP;3547809;SANTO ANDRE;40637;G49375;ESTACIO - FAC ESTACIO DE SANTO ANDRE
SP;3547809;SANTO ANDRE;40638;G4720;ANHANGUERA EDUC - CAMPUS 2 - UNIDADE ASSUNCAO
SP;3547809;SANTO ANDRE;40639;G4720;ANHANGUERA EDUC - CAMPUS 2 - UNIDADE ASSUNCAO
SP;3547809;SANTO ANDRE;40640;G4183;FUNDACAO SANTO ANDRE - FSA
SP;3547809;SANTO ANDRE;40641;G4183;FUNDACAO SANTO ANDRE - FSA
SP;3547809;SANTO ANDRE;40642;G4183;FUNDACAO SANTO ANDRE - FSA
SP;3547809;SANTO ANDRE;40643;G14590;UFABC - UNIV FEDERAL DO ABC
SP;3547809;SANTO ANDRE;40644;G14590;UFABC - UNIV FEDERAL DO ABC
SP;3548500;SANTOS;40662;G7052;UNISANTOS - UNIV CATOLICA DE SANTOS
SP;3548500;SANTOS;40663;G7051;UNISANTA - UNIV SANTA CECILIA
SP;3548708;SAO BERNARDO DO CAMPO;40645;G15180;UNIV FEDERAL DO ABC
SP;3548708;SAO BERNARDO DO CAMPO;40646;G15180;UNIV FEDERAL DO ABC
SP;3548708;SAO BERNARDO DO CAMPO;40647;G47988;FAC ANHANGUERA DE SAO BERNARDO DO CAMPO UNIAN
SP;3548708;SAO BERNARDO DO CAMPO;40648;G40707;UNIV METODISTA DE SAO PAULO - CAMPUS SACRAMENTO
SP;3548708;SAO BERNARDO DO CAMPO;40649;G40707;UNIV METODISTA DE SAO PAULO - CAMPUS SACRAMENTO
SP;3548708;SAO BERNARDO DO CAMPO;40650;G307;FASB - FAC SAO BERNARDO - UNIDADE II
SP;3548708;SAO BERNARDO DO CAMPO;40651;G16801;EE JOAO RAMALHO
SP;3548708;SAO BERNARDO DO CAMPO;40652;G5883;ANHANGUERA - UNIDADE VERGUEIRO BL D
SP;3548708;SAO BERNARDO DO CAMPO;40653;G47012;UNIV SAO JUDAS
SP;3548708;SAO BERNARDO DO CAMPO;40654;G49597;ETEC LAURO GOMES
SP;3548708;SAO BERNARDO DO CAMPO;40655;G49598;FATEC SBC ADIB MOISES DIB
SP;3548708;SAO BERNARDO DO CAMPO;40656;G4201;COL ABACO
SP;3548708;SAO BERNARDO DO CAMPO;40657;G49584;COL CAMP
SP;3548708;SAO BERNARDO DO CAMPO;40658;G45584;SENAI MARIO AMATO
SP;3548708;SAO BERNARDO DO CAMPO;40659;G16800;UNIV METODISTA DE SP - CAMPUS PLANALTO
SP;3548807;SAO CAETANO DO SUL;40660;G43240;USCS - UNIV MUNICIPAL DE SAO CAETANO DO SUL
SP;3548807;SAO CAETANO DO SUL;40661;G28804;INSTITUTO MAUA DE TECNOLOGIA
SP;3549805;SAO JOSE DO RIO PRETO;40585;G43243;ETEC PHILADELPHO GOUVEA NETTO
SP;3549805;SAO JOSE DO RIO PRETO;40586;G17069;UNIRP - CENTRO UNIV DE RIO PRETO - UNIDADE III
SP;3549805;SAO JOSE DO RIO PRETO;40587;G4095;UNIP - CAMPUS SAO JOSE DO RIO PRETO
SP;3549904;SAO JOSE DOS CAMPOS;40581;G48244;CEFE - CENTRO DE FORMACAO DO EDUCADOR
SP;3549904;SAO JOSE DOS CAMPOS;40582;G4069;UNIP - CAMPUS SAO JOSE DOS CAMPOS
SP;3549904;SAO JOSE DOS CAMPOS;40583;G11937;CENTRO UNIVERSITARIO ETEP - CAMPUS JD ESPLANADA
SP;3549904;SAO JOSE DOS CAMPOS;40584;G45719;FATEC - FAC DE TEC PROF JESSEN VIDAL
SP;3550308;SAO PAULO;40588;G604;FATEC DE SAO PAULO
SP;3550308;SAO PAULO;40589;G609;ETEC DE SAO PAULO
SP;3550308;SAO PAULO;40590;G43102;FAC IMPACTA
SP;3550308;SAO PAULO;40591;G10719;MACKENZIE - CONSOLACAO
SP;3550308;SAO PAULO;40592;G10719;MACKENZIE - CONSOLACAO
SP;3550308;SAO PAULO;40593;G11574;UNIV MACKENZIE - ITAMBE
SP;3550308;SAO PAULO;40594;G11574;UNIV MACKENZIE - ITAMBE
SP;3550308;SAO PAULO;40595;G11574;UNIV MACKENZIE - ITAMBE
SP;3550308;SAO PAULO;40596;G40768;UNICSUL - PAULISTA
SP;3550308;SAO PAULO;40597;G48342;FMU CENTRO TECNOLOGICO - PREDIO 44
SP;3550308;SAO PAULO;40598;G16939;FMU - PREDIO 10 - GASTRONOMIA
SP;3550308;SAO PAULO;40599;G45586;FECAP - FUND ESCOLA DE COMERCIO ALVARES PENTEADO
SP;3550308;SAO PAULO;40600;G9137;UNICSUL - LIBERDADE
SP;3550308;SAO PAULO;40601;G18881;FMU - 150
SP;3550308;SAO PAULO;40602;G615;UNICID
SP;3550308;SAO PAULO;40603;G764;UNIP - TATUAPE
SP;3550308;SAO PAULO;40604;G5521;UNIV ANHEMBI MORUMBI - MOOCA
SP;3550308;SAO PAULO;40605;G647;UNIV SAO JUDAS TADEU - MOOCA
SP;3550308;SAO PAULO;40606;G9134;UNICSUL - ANALIA FRANCO
SP;3550308;SAO PAULO;40615;G3111;UNIP - MARQUES
SP;3550308;SAO PAULO;40616;G3049;ANHANGUERA - PIRITUBA
SP;3550308;SAO PAULO;40617;G43690;UNIV SAO JUDAS TADEU - LEOPOLDINA
SP;3550308;SAO PAULO;40618;G812;UNIP - CIDADE UNIVERSITARIA
SP;3550308;SAO PAULO;40619;G745;UNIP - PINHEIROS
SP;3550308;SAO PAULO;40620;G10818;UNIV SAO JUDAS TADEU - BUTANTA
SP;3550308;SAO PAULO;40621;G43762;ESPM - ESCOLA SUPERIOR DE PROPAGANDA E MARKETING
SP;3550308;SAO PAULO;40622;G1565;UNIP - LUIS GOIS
SP;3550308;SAO PAULO;40623;G42588;UNIV SAO JUDAS TADEU - JABAQUARA
SP;3550308;SAO PAULO;40624;G3091;UNIP - ANCHIETA
SP;3550308;SAO PAULO;40625;G5708;UNIV ANHEMBI MORUMBI - V
SP;3550308;SAO PAULO;40626;G9141;UNIV ANHEMBI MORUMBI - UNID VII
SP;3550308;SAO PAULO;40627;G43158;UNIV ANHEMBI MORUMBI - UNIDADE VI
SP;3550308;SAO PAULO;40628;G43159;UNIV ANHEMBI MORUMBI - UNIDADE I
SP;3550308;SAO PAULO;40629;G5349;UNIP - CHACARA STO ANTONIO II
SP;3550308;SAO PAULO;40630;G6143;UNIP - CHACARA STO ANTONIO III
SP;3550308;SAO PAULO;40631;G5325;UNIP - CHACARA I
SP;3550308;SAO PAULO;40632;G42589;UNIV SAO JUDAS TADEU - SANTO AMARO
SP;3550308;SAO PAULO;40633;G640;UNIV ESTACIO - CAMPUS SANTO AMARO
SP;3550308;SAO PAULO;40634;G44980;UNICSUL - SANTO AMARO
SP;3550308;SAO PAULO;40635;G47838;UNASP - UNIDADE DE ENSINO SAO PAULO
SP;3550308;SAO PAULO;40682;G1093;ANHANGUERA - MARTE
SP;3550308;SAO PAULO;40683;G1102;UNIP - NORTE
SP;3550308;SAO PAULO;40684;G600;COL PASSIONISTA SAO PAULO DA CRUZ
SP;3550308;SAO PAULO;40685;G43634;UNIV SAO JUDAS TADEU - SANTANA
SP;3550308;SAO PAULO;40686;G9138;UNIV CRUZEIRO DO SUL - SAO MIGUEL BL AC
SP;3550308;SAO PAULO;40687;G43657;ANHANGUERA - ITAQUERA
SP;3552205;SOROCABA;40559;G5544;COL OBJETIVO SOROCABA - CENTRO
SP;3552205;SOROCABA;40560;G4536;ANHANGUERA - UNIDADE SOROCABA
SP;3552205;SOROCABA;40561;G4451;UNIP
TO;1721000;PALMAS;40334;G43136;UNITINS - CAMPUS GRACIOSA
TO;1721000;PALMAS;40335;G16799;CENTRO UNIV LUTERANO DE PALMAS
TO;1721000;PALMAS;40336;G42598;UNOPAR - UNIDADE DE PALMAS
TO;1721000;PALMAS;40337;G37451;IF DE EDUCACAO CIENCIA E TECNOLOGIA - IFTO
TO;1721000;PALMAS;40338;G41151;FAPAL - FAC DE PALMAS
TO;1721000;PALMAS;40339;G43125;FAC CESUP
TO;1721000;PALMAS;40340;G30124;UNICATOLICA - FAC CATOLICA DO TOCANTINS
